,Current Courses,Wanted Courses
0,"['301', '120']","['495', '254', '466', '491T', '499', '121']"
1,"['120', '477', '353', '466', '323', '473']","['440', '322L', '351', '131']"
2,"['121', '223N', '473', '223H', '456']",['223N']
3,"['353', '315', '484']","['386', '484', '476', '462', '223H', '362']"
4,"['362', '495', '464', '476', '440']","['462', '223J', '484', '120']"
5,"['311', '456', '486', '353']","['322L', '313']"
6,['322L'],"['456', '439', '351', '463']"
7,"['485', '489']","['362', '240', '335', '452']"
8,['240'],"['362', '484', '223p', '495', '121']"
9,"['476', '454', '477', '223J']","['240', '431', '223H', '452', '483', '485']"
10,"['223H', '452', '322L', '499']","['486', '315', '223p', '476']"
11,"['440', '463', '491T', '223H']","['386', '431', '466', '489']"
12,"['485', '481', '131', '323', '332']","['466', '463', '485', '477', '484']"
13,"['466', '473', '311', '476', '463']","['332', '223J', '322L', '313', '464', '456']"
14,"['489', '223p', '335', '223J', '485']","['315', '486', '476', '463']"
15,"['322L', '223N', '486', '464']","['486', '223H', '322L', '454', '351']"
16,"['362', '322L', '121']","['223N', '491T', '439', '311', '254']"
17,"['323', '362', '477', '484', '463', '431']","['240', '120', '484']"
18,"['454', '313', '483', '486', '311', '323']","['315', '463', '471', '323', '499', '223C']"
19,"['353', '223C', '131', '476', '386', '311']","['483', '481']"
20,"['466', '495', '486', '322L']","['351', '439', '120', '486', '462']"
21,"['254', '489', '322L']","['491T', '481', '439']"
22,"['353', '452', '332', '322L']","['120', '473', '315', '466']"
23,"['120', '466', '351', '240', '439']","['477', '495', '223J', '332', '484', '481']"
24,"['323', '495', '335', '223H']","['121', '301', '486']"
25,"['301', '311', '491T', '335', '386', '223H']","['485', '223C', '353', '464', '486']"
26,['485'],"['223H', '486', '464']"
27,"['223p', '120', '223H', '463']","['315', '223C', '454']"
28,"['353', '489', '477', '463', '323']","['495', '486', '476']"
29,"['499', '240', '484', '301', '223H']","['471', '120', '491T']"
30,"['311', '120', '315']","['491T', '362', '386', '476']"
31,"['223p', '464', '463']","['131', '483', '301']"
32,"['484', '454', '315', '332']","['254', '477']"
33,"['484', '486', '481', '332']","['332', '452', '473', '471']"
34,"['471', '456', '462']","['484', '120', '323']"
35,"['311', '464', '439', '499']","['477', '466', '476']"
36,"['440', '454', '481']","['491T', '476', '301', '452', '464']"
37,"['301', '353', '471', '483']","['254', '466']"
38,"['452', '240']","['223p', '483', '476', '223N']"
39,['254'],"['431', '439', '131']"
40,"['485', '386', '499']","['473', '223p', '323', '471']"
41,['315'],"['254', '439', '223H', '466']"
42,"['463', '440']","['131', '485', '223p', '486', '473', '313']"
43,"['491T', '483']","['240', '440', '315', '484']"
44,['471'],"['301', '495', '491T', '463', '332']"
45,"['452', '489']","['466', '499', '120']"
46,"['464', '301', '353', '454']","['483', '223C', '240']"
47,"['463', '452', '351', '473', '223p', '335']",['466']
48,"['254', '386']","['485', '335', '471', '311']"
49,"['456', '476', '486']","['223N', '315', '254', '121']"
50,"['466', '120', '477', '223H']","['223C', '313', '223H', '121', '323']"
51,"['121', '499', '254', '463']","['471', '456', '483', '223N', '440']"
52,"['495', '223N', '486', '223J']",['240']
53,"['351', '481', '322L', '486', '301']","['223C', '499']"
54,"['223J', '351', '223H', '315']","['485', '477', '491T', '223J']"
55,"['462', '463', '477', '223p', '322L']","['223C', '353', '223N', '223p', '473']"
56,"['431', '486', '311', '466', '223N', '120']",['335']
57,['486'],"['121', '353', '313']"
58,"['301', '254', '431', '315']",['315']
59,"['223N', '322L', '223H', '254']","['499', '463', '223H', '471']"
60,['323'],"['351', '495', '332', '335', '454', '223C']"
61,"['477', '301', '466', '452']","['386', '481', '254', '323']"
62,['386'],"['315', '499', '464', '463', '351']"
63,"['386', '431', '462', '315']","['311', '121', '301', '313', '476']"
64,"['454', '332', '462', '386', '489', '476']","['223J', '223C', '454', '471']"
65,['489'],['499']
66,"['440', '471', '466', '463']","['463', '491T', '473', '223p']"
67,"['466', '254', '351', '476']","['120', '353', '452', '362']"
68,"['223N', '440', '483', '120', '323', '477']","['351', '353', '471', '223p']"
69,"['462', '315', '499', '120', '313', '431']","['353', '491T', '456', '332', '495', '131']"
70,"['223N', '121']","['481', '223H', '452', '466', '495']"
71,"['121', '332', '452', '431']","['491T', '254', '462', '120']"
72,"['223J', '471', '481']","['223p', '223H', '495', '315']"
73,"['254', '386', '466', '440']","['362', '131', '439', '223H', '454']"
74,"['464', '452', '463', '481', '485']","['491T', '362', '131', '313', '471']"
75,"['471', '440', '223H', '485', '431', '463']",['473']
76,"['486', '483', '473', '452']","['335', '240', '362']"
77,['254'],"['491T', '499', '335', '486']"
78,"['223N', '484', '499', '223p']","['323', '466', '439', '223H']"
79,"['223p', '311', '431', '254', '454']","['454', '335', '223J', '301', '483']"
80,"['489', '223C', '120']","['223J', '240']"
81,"['456', '431', '120', '439']","['386', '315', '477']"
82,"['491T', '440', '121', '335', '484']","['464', '481', '495']"
83,"['464', '254', '322L']","['499', '335', '481', '485']"
84,"['462', '499', '121', '476', '351']","['223N', '483', '489', '456', '240']"
85,"['484', '353', '332', '491T']","['332', '223C', '353', '439']"
86,"['463', '491T', '456', '353']","['121', '431']"
87,"['301', '254', '120']","['223C', '386']"
88,['315'],"['486', '351', '431', '466', '462']"
89,"['335', '351', '315', '311']",['362']
90,"['463', '454']","['439', '311', '254', '223H', '120']"
91,"['362', '456', '476']","['335', '495', '454', '121', '332']"
92,['456'],"['499', '120', '223p', '440']"
93,"['431', '335', '485', '466']","['322L', '473', '495', '484', '311', '483']"
94,"['386', '335', '495', '471']","['313', '485', '335', '483']"
95,"['473', '485', '322L']","['456', '323']"
96,"['311', '431', '481', '489']",['464']
97,"['473', '353', '254', '223C', '223p']","['240', '491T', '476', '120']"
98,"['439', '223J']","['335', '440', '485', '484']"
99,"['452', '483']","['464', '495', '466', '439', '484']"
100,"['473', '351', '452', '499']","['351', '439', '121', '223C']"
101,"['223H', '121', '120']","['462', '332', '301', '464']"
102,['456'],"['431', '499', '323']"
103,"['386', '454', '431', '313']","['439', '464', '477', '223N']"
104,"['335', '481', '477', '301']","['315', '491T', '121']"
105,"['491T', '353', '362']","['462', '463', '323']"
106,"['315', '464', '223H']","['489', '431', '464', '439', '477', '440']"
107,"['485', '491T', '477', '322L']","['351', '464', '223N', '313', '462']"
108,"['485', '322L', '489', '223J']","['454', '462', '495']"
109,"['486', '481', '323']","['439', '466', '471', '223N']"
110,"['223C', '481', '223J', '439']","['353', '301']"
111,"['440', '301', '223H', '456']","['254', '240', '485']"
112,"['499', '353', '121', '452']","['362', '335', '499']"
113,"['223H', '353', '131', '491T', '315']","['456', '481', '462']"
114,['462'],"['323', '301', '311', '362', '223N', '223J']"
115,"['454', '473', '121', '486']","['471', '223N']"
116,['489'],"['439', '240', '323', '491T']"
117,"['223p', '315', '332', '254', '489']","['315', '477', '313', '489', '323']"
118,"['456', '452', '471', '311']","['464', '223N', '301', '223C', '485', '351']"
119,"['486', '254', '362', '121', '471', '483']","['484', '254', '386', '131', '463']"
120,"['476', '120', '335', '486']","['323', '456']"
121,"['311', '466', '254', '301']","['440', '335', '462', '464', '485']"
122,"['223J', '473']","['386', '332']"
123,"['477', '481', '476', '466']","['131', '439']"
124,"['489', '362', '484', '464', '335']","['485', '464', '240']"
125,"['485', '322L', '452', '223J']","['362', '440']"
126,['323'],"['476', '254', '311', '315']"
127,"['311', '464']","['466', '322L', '335']"
128,"['466', '311', '351', '477']","['484', '463', '362', '254']"
129,"['131', '452', '463']","['484', '462', '223H']"
130,"['315', '499', '223p']",['335']
131,"['463', '353']","['491T', '223N', '485']"
132,"['495', '439', '485', '315', '311']","['466', '240', '485', '351', '473']"
133,"['351', '477', '491T', '313', '223H']","['481', '362', '386', '223N']"
134,['351'],"['481', '485', '351']"
135,"['386', '223p', '351', '473', '476']","['464', '311', '223N', '353']"
136,"['223p', '462', '484', '486']","['322L', '131', '462', '489', '439', '335']"
137,"['495', '476', '351']","['223N', '484', '386', '439', '131']"
138,"['223H', '483', '463']","['483', '131', '473']"
139,"['499', '301', '440', '439']","['473', '471', '431']"
140,"['440', '491T', '223C']","['311', '301', '313', '121']"
141,"['223p', '495', '456', '464', '466']","['466', '464', '439', '489']"
142,"['481', '431', '120', '485']","['477', '223C']"
143,"['351', '223p', '386', '499']",['240']
144,"['301', '481', '463', '240', '466']","['323', '484', '464', '223H']"
145,"['223N', '473', '431', '301']","['323', '131']"
146,"['313', '311', '351', '473']","['131', '476']"
147,"['254', '386', '351', '131', '315']","['254', '452']"
148,"['223J', '386']","['386', '323', '335', '315']"
149,"['454', '466', '240', '471', '485']",['332']
150,"['351', '489', '485', '481']","['476', '466', '332']"
151,"['311', '452', '464', '440']",['483']
152,"['499', '351', '481', '464', '495']","['491T', '481', '440', '386', '473']"
153,['466'],"['386', '491T', '484']"
154,"['223C', '477', '254', '491T']","['315', '491T', '473', '351']"
155,"['313', '481', '240', '131']",['473']
156,"['311', '462', '315']","['335', '499', '315']"
157,"['351', '315', '131']","['301', '466', '439', '254']"
158,"['471', '485', '491T', '484', '223C', '223H']","['223J', '473', '495']"
159,"['489', '323', '223C', '335']","['120', '362', '491T', '322L', '131', '456']"
160,"['452', '313', '223J']","['223p', '315', '332', '484', '481', '254']"
161,"['499', '223H', '223J', '240']",['254']
162,"['477', '456', '311', '131']",['499']
163,['462'],"['322L', '223J', '481']"
164,"['491T', '462', '439', '473', '431']",['311']
165,"['439', '121', '431', '223H']","['353', '499', '335', '431', '462']"
166,"['223H', '315', '323', '386']","['311', '386', '223H', '476', '351']"
167,"['323', '481', '439']","['485', '456', '322L']"
168,"['473', '223C', '311', '301', '323']","['353', '489', '223H', '473', '431', '484']"
169,"['223N', '431', '456', '462', '362']","['431', '323']"
170,"['476', '491T', '240', '223J', '463']",['223N']
171,"['322L', '431', '471']",['439']
172,"['223J', '477', '431', '466', '332', '456']","['301', '131']"
173,"['362', '223J', '484', '481', '454']","['463', '131']"
174,"['223H', '452', '481']","['386', '491T', '440', '456', '454', '322L']"
175,"['313', '481']","['431', '485', '386']"
176,"['121', '466', '440', '454', '311']","['315', '311', '223J', '495', '301', '464']"
177,"['313', '466', '485']","['481', '473', '223H']"
178,"['121', '362', '131', '223C']","['499', '484', '254', '240']"
179,"['351', '315', '489']","['131', '464']"
180,"['483', '120', '463', '491T']","['240', '323', '335', '131', '440']"
181,"['323', '486', '335', '431']","['362', '452', '353', '456', '462']"
182,"['499', '322L', '223J', '313']","['223N', '477', '489', '311', '313']"
183,"['315', '386', '499', '439', '456', '452']","['489', '121', '491T']"
184,['315'],['463']
185,['486'],"['351', '240']"
186,"['471', '481', '477']","['477', '362']"
187,"['452', '489', '223p', '499']","['313', '315', '254', '223J']"
188,"['315', '454', '495', '486']","['351', '313', '131']"
189,"['120', '311', '486', '332', '483', '322L']","['223C', '386', '362', '322L']"
190,"['489', '223C', '362', '476', '223H', '495']","['473', '485', '223N', '471', '131', '456']"
191,['332'],"['440', '454', '223H', '240', '464', '353']"
192,"['454', '440', '483', '476']","['489', '485', '353', '332', '223H']"
193,"['223p', '131', '223H', '351', '499']","['463', '240', '486', '473', '335']"
194,"['315', '362', '462', '313', '439']",['254']
195,"['476', '223N', '473', '335']","['301', '485', '313', '439', '120', '223p']"
196,"['131', '456', '223N', '223J']","['481', '476', '120', '386', '466']"
197,"['431', '464', '223C', '240', '362']",['456']
198,"['484', '489', '456', '362', '486']","['223J', '240', '462', '131']"
199,"['491T', '462', '353', '121', '499']",['471']
200,"['240', '335', '462', '464', '313']","['484', '351', '301']"
201,"['223N', '121', '120', '485', '332']","['489', '484', '454']"
202,"['254', '462']","['456', '121', '454']"
203,"['471', '322L', '362', '483']","['323', '223C']"
204,"['313', '335', '464']","['223H', '499', '351', '483']"
205,"['362', '463', '489', '131']","['463', '223p', '454', '485']"
206,"['223H', '351', '456', '131', '315']","['323', '313', '223H', '466', '463']"
207,"['351', '223H', '454']","['131', '223C', '315', '489', '323']"
208,"['473', '454', '491T']","['439', '315', '483']"
209,"['454', '353', '335', '332', '452']",['332']
210,"['464', '483', '485', '362', '499']","['464', '311', '481']"
211,"['313', '464', '484']","['254', '240', '223H', '131']"
212,"['481', '254']","['484', '486', '440']"
213,"['484', '499', '353', '481', '471']","['386', '466', '483', '462', '485', '495']"
214,"['486', '323', '131', '431', '456']","['485', '386', '301', '351']"
215,"['223C', '462', '485']","['223C', '454', '464', '311', '485']"
216,['322L'],"['362', '223C', '322L', '311']"
217,"['485', '452', '322L']","['131', '481', '335']"
218,"['466', '362', '476', '223N', '332']","['353', '431', '476', '313']"
219,"['223p', '440', '223J', '463', '362']","['351', '471']"
220,['440'],"['223J', '353', '431', '485']"
221,"['440', '386', '486']","['315', '386']"
222,"['471', '120', '322L', '223H']","['439', '452', '466', '484', '431']"
223,"['313', '463', '223p', '481', '362']","['313', '323', '431', '454', '439']"
224,"['483', '499', '353', '313', '464']","['464', '440', '456', '301', '471']"
225,"['313', '456', '464', '223N', '452', '471']","['313', '322L', '323', '353', '431']"
226,"['362', '351', '439', '456']",['477']
227,"['431', '489', '120']","['452', '131', '485', '464']"
228,"['489', '471', '120', '223p']","['254', '485', '362', '466']"
229,"['223p', '463', '322L', '495']","['462', '332', '362', '452']"
230,"['351', '485', '386', '223N', '473', '476']","['131', '223p', '464']"
231,"['466', '491T', '499', '486']","['121', '386']"
232,"['481', '386', '484']","['489', '466', '223p', '439', '311', '254']"
233,"['489', '476', '495']","['223N', '486', '353', '223p']"
234,"['223C', '131', '466', '464', '473']","['485', '131', '323', '489', '322L', '499']"
235,['223p'],"['223N', '315', '473', '454', '466']"
236,"['223C', '335', '476', '462', '351']","['386', '240', '223p']"
237,"['456', '301', '131', '476']","['462', '477', '471']"
238,"['332', '223p', '335', '476', '223H']","['439', '353', '431', '464']"
239,"['495', '223C', '311']","['301', '463', '223C']"
240,"['463', '484', '462', '473']","['485', '120', '386', '484']"
241,['223H'],"['386', '313', '452', '481']"
242,"['491T', '315', '313', '486']","['335', '120', '481']"
243,"['499', '240', '315', '353']","['440', '476', '386']"
244,"['452', '240', '499']","['471', '440']"
245,['315'],"['311', '499', '464', '301']"
246,['120'],"['301', '454', '386', '483']"
247,"['301', '223C', '223H', '131']","['254', '323', '223p']"
248,"['476', '440', '454']","['223J', '471', '353']"
249,"['491T', '463', '301', '466']","['322L', '240', '301']"
250,"['323', '431', '456', '131', '485', '466']","['386', '489', '440', '483']"
251,"['313', '473', '332', '351', '484']","['120', '311']"
252,"['223J', '439', '483', '335']","['477', '484', '332', '335', '223C']"
253,"['464', '466', '332', '491T', '362']","['454', '332', '362', '301']"
254,"['120', '481', '254', '335', '315']","['495', '223N', '464', '254', '323']"
255,"['315', '452', '353', '476', '471']","['495', '491T', '473', '484', '120', '332']"
256,"['484', '254', '491T', '431', '315']","['223N', '456', '484', '452', '351', '313']"
257,['462'],"['489', '315', '254']"
258,"['322L', '362', '485', '495']","['362', '462', '120', '476', '471']"
259,"['315', '351']",['491T']
260,"['495', '313', '431', '121']","['439', '499', '485', '362', '322L', '353']"
261,"['120', '313', '131', '462', '315']","['463', '499', '483', '456', '240', '311']"
262,"['313', '120']","['484', '301', '131']"
263,"['471', '454', '323', '335']","['454', '462', '240', '466']"
264,['440'],"['223C', '481', '471', '466']"
265,"['223p', '489', '223J', '485']","['463', '499', '452', '454']"
266,"['362', '313', '223C']",['439']
267,"['332', '486', '223N', '322L']","['452', '335', '495', '471', '463']"
268,"['463', '483', '439']","['481', '121', '462', '386']"
269,"['223N', '439', '499']",['301']
270,"['477', '332', '484', '254']",['454']
271,"['301', '463', '462', '362']","['240', '362', '489', '439', '131', '431']"
272,"['452', '477', '439', '223J', '323', '495']","['456', '322L', '485', '484', '463']"
273,"['313', '485', '254', '476', '462']","['466', '486', '484']"
274,"['486', '463', '483', '362']","['322L', '223H', '489', '463', '351', '471']"
275,['456'],"['477', '223C', '462', '495', '431']"
276,['332'],"['121', '223J', '463', '223H']"
277,"['362', '315', '484', '454', '223N']",['311']
278,"['486', '121', '362', '477']","['456', '332', '489', '301', '486']"
279,"['223J', '223N', '495']","['456', '121']"
280,"['452', '311', '301']","['223C', '473', '489', '254']"
281,"['386', '322L', '313', '311', '131']","['481', '462', '483', '254', '313', '489']"
282,"['332', '471', '223N']","['466', '121', '440']"
283,"['464', '456', '223H', '322L']","['452', '332', '483']"
284,"['439', '335', '452', '315']","['454', '335', '476', '323', '254']"
285,"['323', '462', '240', '481', '491T', '464']","['476', '477', '483', '332', '464', '353']"
286,"['223C', '353', '223N']","['484', '315', '495', '466']"
287,"['499', '240', '332', '386', '121']",['486']
288,"['477', '491T', '454', '440']","['491T', '332', '471']"
289,"['323', '452', '464', '351', '456']","['485', '481', '499', '335', '464', '121']"
290,"['484', '332', '254']","['311', '440', '223N', '254', '462']"
291,"['495', '322L', '301', '431', '240']","['477', '452', '431', '223J']"
292,['476'],"['499', '315', '454', '131', '431', '223N']"
293,"['476', '452', '240', '485', '471', '353']","['476', '120', '489', '313', '311']"
294,"['476', '431', '315', '495']","['223H', '485']"
295,"['484', '452', '495']","['463', '311', '386', '431']"
296,"['462', '223H', '456', '351', '223p']","['313', '332', '240', '477', '466', '386']"
297,"['489', '223H', '486', '464', '120']","['486', '301', '362', '315']"
298,"['322L', '454', '223C']","['223C', '452', '121', '323', '223J']"
299,"['322L', '499', '456', '485', '223H']",['440']
300,['335'],"['131', '351', '311', '495', '301']"
301,"['332', '462']","['454', '477', '466']"
302,"['476', '301']","['481', '351', '332', '483']"
303,"['223N', '315', '332', '362', '483', '240']","['313', '462', '311', '131', '223H', '332']"
304,"['335', '456']","['386', '463', '491T', '473']"
305,"['473', '223H', '121', '223p']","['223p', '323']"
306,"['313', '484', '335']","['484', '499', '483', '489']"
307,"['473', '386', '322L', '439']","['351', '476', '223N', '131']"
308,"['464', '489', '223C', '351']","['440', '456', '462', '491T']"
309,"['351', '499', '485', '335', '454']","['483', '322L', '131', '485']"
310,"['240', '489', '223C', '121']","['473', '491T', '353', '335']"
311,"['495', '323']","['120', '313', '489', '476', '323', '223J']"
312,"['313', '332', '484']","['301', '223N', '323', '315', '452']"
313,"['315', '353', '121', '464']","['254', '120', '240', '362', '315']"
314,"['471', '386', '223C', '353', '332']","['301', '223H', '499', '439']"
315,"['476', '131', '431']","['473', '481', '439', '452']"
316,['301'],"['223C', '466', '121', '454', '464']"
317,"['323', '463', '311', '120', '332']","['223J', '476', '223N', '495']"
318,"['223H', '323', '386', '486']","['485', '481', '491T', '456', '462', '471']"
319,"['301', '240', '495']","['471', '254', '323']"
320,"['121', '481']","['386', '456', '335', '477', '439', '471']"
321,"['223p', '499', '240', '463']","['462', '335', '254', '240', '323', '121']"
322,"['495', '311', '483', '131']","['315', '495', '313']"
323,"['485', '499', '335', '491T', '462']","['489', '462', '495', '481', '362', '386']"
324,"['471', '486', '484', '351']","['477', '323', '489', '240']"
325,"['456', '223J', '476', '362', '462']","['485', '121', '481']"
326,"['471', '476', '499', '464', '483']","['499', '315', '464', '431']"
327,"['315', '351', '486', '386']","['386', '120', '484', '489', '240']"
328,"['489', '240', '466']","['223J', '452', '486', '484']"
329,"['454', '439', '323', '332', '322L', '120']","['483', '223J', '491T', '254']"
330,"['223J', '481', '471']","['462', '456', '223J', '431', '473']"
331,"['313', '454', '315', '254', '485', '362']","['311', '473', '483', '463']"
332,"['454', '464', '440']",['481']
333,"['440', '240', '313', '464', '489']",['495']
334,"['131', '431', '335', '452', '362']","['323', '473', '313']"
335,"['431', '362', '466', '313', '223N']","['301', '131', '462', '121']"
336,"['322L', '495', '473', '466']","['489', '491T', '120', '223N', '322L']"
337,"['439', '353', '223p', '485', '454']","['486', '131']"
338,"['439', '431', '131', '464']","['473', '131', '120']"
339,"['489', '362', '484', '332', '462', '351']","['485', '466', '223C']"
340,"['491T', '476', '499', '223J']","['456', '311', '223N']"
341,"['431', '439', '131', '240', '323']","['464', '476', '353', '386', '301']"
342,"['301', '223J', '477']","['223p', '301', '223J']"
343,"['223H', '223p']","['431', '499', '481']"
344,"['362', '254', '481', '323']","['495', '456', '477']"
345,"['471', '476', '473', '120', '223N', '223J']","['351', '223H', '332', '254', '481']"
346,"['313', '332', '120', '121']","['223p', '489']"
347,"['240', '351', '332', '353', '477']","['240', '223p', '477', '131']"
348,"['254', '335', '240', '121', '499']","['322L', '456', '464']"
349,"['484', '473', '491T']","['311', '386', '362', '454', '462']"
350,"['481', '353', '223N', '240']","['463', '223J', '473', '477']"
351,"['483', '477', '240', '485']","['477', '223H', '471', '240', '315']"
352,"['223p', '485', '463', '489', '223J']","['386', '223p', '431', '439', '313']"
353,"['323', '485', '473', '471']","['353', '456']"
354,"['471', '240', '223C']","['131', '456']"
355,"['471', '311']","['440', '301', '473']"
356,"['254', '120', '440', '484', '439']","['131', '456', '486', '120', '464']"
357,"['362', '223H']","['131', '485', '463', '483', '223C', '486']"
358,['462'],"['313', '485', '351', '223H']"
359,"['483', '254', '120', '323', '332']","['223p', '473', '335', '476']"
360,"['120', '495', '223J']","['313', '131', '301', '485', '481']"
361,"['254', '464', '362', '313']","['481', '313']"
362,"['323', '439', '477', '440', '471', '335']","['489', '485', '486', '223H', '439', '223p']"
363,"['386', '323', '463']","['315', '439', '311', '489']"
364,"['121', '120', '489', '223C', '491T']","['466', '499', '223C', '486', '301', '386']"
365,"['431', '485', '240']","['353', '223p', '223J']"
366,"['466', '223p']","['351', '452', '491T', '489', '440', '431']"
367,"['223p', '315', '323', '471', '351']","['477', '463', '431']"
368,"['254', '485', '301', '483', '223C', '332']","['351', '311', '440', '131']"
369,"['452', '471', '463']","['476', '315', '440']"
370,"['311', '120', '456', '323']","['335', '452', '485', '476']"
371,"['471', '484', '322L', '489']",['473']
372,"['362', '456', '332', '223N', '439']","['473', '495', '431', '223C', '223p']"
373,"['223H', '313']","['499', '353', '476', '131', '240']"
374,"['452', '311', '499', '431', '477']","['254', '223C', '489']"
375,"['476', '332', '335']",['499']
376,"['254', '323', '322L']","['484', '473', '223p', '301', '440', '351']"
377,"['471', '240', '485', '489']","['386', '483', '484', '471']"
378,"['477', '223H', '240', '464', '454']","['131', '473', '223C']"
379,"['489', '353', '351', '476', '223C', '223J']","['351', '466', '254', '332', '223C']"
380,['452'],"['463', '439', '223p', '322L', '491T']"
381,"['120', '456']","['223C', '335', '315']"
382,"['440', '120', '456', '313']","['223p', '440', '351', '332']"
383,"['466', '489', '476', '463']","['313', '223N', '464', '489', '315']"
384,"['440', '499', '483', '121']","['223J', '353', '499', '456']"
385,"['131', '481', '462', '223p']",['223p']
386,"['477', '223p', '463', '489', '483']","['485', '121', '223H']"
387,"['499', '223N']","['254', '223H', '454']"
388,"['353', '466']","['463', '483', '440', '484']"
389,"['223J', '489', '471', '322L', '431']","['439', '485', '483', '223J']"
390,"['431', '313', '466', '491T']","['240', '322L', '335', '462']"
391,"['439', '351', '353']","['485', '456', '223p', '481', '463']"
392,"['121', '452']","['454', '313', '464', '223C']"
393,"['489', '311', '335', '223N']","['131', '223C', '473', '485']"
394,"['486', '471', '240', '223p']","['499', '335', '223p']"
395,['477'],"['491T', '223N', '431', '254', '463', '335']"
396,['466'],"['223N', '477', '463', '439']"
397,['484'],"['476', '315', '240', '332']"
398,"['315', '483', '313', '495']","['484', '240', '483']"
399,"['452', '431', '439', '481']","['353', '131', '481']"
400,"['301', '476', '489', '466']","['120', '499']"
401,"['120', '484', '386', '454', '452']","['223p', '386']"
402,"['362', '301', '452', '471', '120']","['464', '322L', '223H']"
403,"['462', '362', '473']","['431', '121', '476', '489']"
404,"['120', '353']","['483', '323', '466', '481', '456']"
405,['353'],"['454', '464', '495', '223p', '323']"
406,"['476', '311', '386', '323']","['456', '486', '481', '466', '240', '463']"
407,"['332', '315']","['491T', '223C', '454']"
408,"['466', '223H', '386', '315', '476', '301']","['223N', '223J', '463', '439']"
409,"['483', '491T', '323', '386']","['332', '440', '463']"
410,"['489', '466', '477']",['454']
411,"['353', '240', '464', '223p']","['322L', '386', '477']"
412,"['476', '499', '223H', '301', '439']","['440', '471', '454', '481']"
413,"['223H', '464', '240']","['120', '311', '131', '463']"
414,['223N'],"['466', '386', '313', '491T']"
415,"['351', '481']","['471', '223H', '311', '489', '223p']"
416,"['223N', '462', '473']","['473', '463', '491T', '121', '486']"
417,"['386', '223C', '471', '323']","['301', '499', '323', '464']"
418,"['223C', '254', '223N', '477']","['240', '362']"
419,"['351', '332', '476', '499', '240']","['120', '452', '223H', '301']"
420,"['471', '332', '240']","['240', '223J', '322L', '489']"
421,"['462', '477', '313']","['476', '463', '315', '483', '254']"
422,"['240', '483', '223C', '223p', '301']","['351', '454', '486', '315', '481', '439']"
423,"['223C', '466', '456', '311']","['489', '484', '463', '223H', '462', '456']"
424,"['335', '495', '456', '473', '471', '499']",['223p']
425,"['223p', '456', '223N']","['223p', '223J', '439', '323']"
426,"['315', '323', '223C', '456']",['223H']
427,"['120', '301', '440', '223C']",['486']
428,"['491T', '485', '462']","['223J', '484', '223C', '121']"
429,['440'],"['223N', '223C', '131', '431']"
430,"['121', '386', '454']","['131', '322L', '495', '362']"
431,"['462', '466', '495']",['471']
432,"['485', '131', '462', '254']",['223H']
433,"['456', '481', '466']",['477']
434,"['471', '322L', '481', '362', '477', '313']","['315', '120', '353', '322L']"
435,"['351', '431', '323', '301', '223C']","['483', '476', '386', '481']"
436,"['223H', '362', '313', '323']","['240', '464']"
437,"['456', '353', '483', '477', '452']","['240', '332', '473', '491T']"
438,"['386', '462', '440']","['440', '120']"
439,"['477', '121', '486']","['351', '223p']"
440,"['499', '495', '120']","['466', '477', '131', '335', '311', '301']"
441,"['481', '439', '495', '301', '491T']","['301', '223H', '462']"
442,"['466', '483', '332', '471']","['223J', '311']"
443,"['499', '483', '362', '456', '223C']","['131', '240', '223J', '463', '311']"
444,"['477', '131', '476']","['254', '120', '322L', '121', '353', '323']"
445,"['240', '121', '473', '484', '454']","['240', '440', '121', '313', '386']"
446,"['486', '223N', '301', '454']","['313', '491T']"
447,"['315', '223N']",['335']
448,"['311', '120', '476', '473']","['311', '491T', '315', '499', '452']"
449,"['463', '301', '471', '483', '499', '332']","['466', '223J', '121', '223N']"
450,"['323', '440', '223H', '477', '223C']","['484', '223N', '473']"
451,"['223H', '386', '462', '120']","['489', '322L', '477', '240']"
452,['471'],"['353', '483', '471', '440']"
453,"['456', '483', '322L', '464']","['223N', '254']"
454,"['489', '439', '485']","['473', '121', '489', '481']"
455,"['483', '315', '466', '386']","['223C', '477', '353', '481', '362', '431']"
456,"['223C', '491T', '311', '495']","['313', '240', '332', '121']"
457,"['486', '301', '495']","['481', '131', '456', '463']"
458,"['254', '223C', '386', '471']","['323', '454', '223H', '489', '439']"
459,"['323', '491T', '223C']","['454', '486', '485', '452']"
460,"['431', '439', '323', '454']","['223p', '491T']"
461,"['431', '223H', '471', '311', '481', '486']","['489', '386']"
462,"['462', '466', '463', '223p', '353']","['223p', '477', '466']"
463,"['223N', '323', '439']","['332', '223J', '223C']"
464,"['483', '452', '301', '335', '120', '491T']","['466', '322L']"
465,"['477', '301', '362', '489', '495']",['322L']
466,"['452', '454', '489', '223C', '491T']","['311', '454', '486', '485', '483']"
467,"['466', '495', '120', '386', '240', '483']","['483', '486']"
468,"['464', '351', '471', '483']","['440', '315', '454']"
469,"['223C', '121', '223N', '473', '386', '223H']","['476', '362', '223C']"
470,"['223C', '353', '440', '332']","['481', '311', '353', '471', '131', '335']"
471,"['301', '431', '462', '351']","['301', '121', '489', '452', '386']"
472,"['323', '489', '476']","['120', '301', '121', '351', '223p', '481']"
473,"['463', '454']","['466', '223p', '223C', '335', '486']"
474,"['486', '240', '223p', '254', '483']",['332']
475,['489'],"['454', '254', '351']"
476,"['454', '481', '332', '120']","['315', '495', '223H', '322L', '456']"
477,"['313', '471', '483', '484', '311', '323']","['466', '439', '353']"
478,"['456', '476', '431', '495']","['335', '121', '484', '223p']"
479,['223p'],"['452', '323', '495']"
480,"['240', '454', '476', '439']","['486', '456', '440', '301', '466']"
481,"['335', '481', '466']","['323', '499', '322L', '486']"
482,"['489', '439', '121', '240']","['313', '486', '462', '322L', '120', '223C']"
483,"['481', '431']","['223C', '353', '489', '466', '121', '315']"
484,"['477', '223p', '499', '351', '485', '254']","['353', '466', '223p', '473', '223C', '462']"
485,"['386', '466', '335', '332', '440']","['323', '462', '353', '313']"
486,"['315', '499', '240', '223J']","['464', '322L', '311', '335', '223C']"
487,"['466', '485', '240', '254', '491T']","['386', '456', '440', '483']"
488,"['499', '464', '386', '483', '323']","['121', '481', '351', '323', '486', '313']"
489,"['223C', '322L', '223H', '362']",['301']
490,"['335', '362', '254']","['471', '440', '351', '223p']"
491,"['223H', '223C']","['484', '485', '323', '471']"
492,"['120', '456', '311', '351', '495', '323']","['495', '477', '431', '362', '322L', '386']"
493,"['351', '223N', '483', '452']","['362', '223p', '466', '485']"
494,['332'],"['120', '476', '440']"
495,"['223C', '483']","['462', '439', '120', '223p']"
496,"['454', '499', '386', '301', '223p']","['485', '476', '464', '223C', '440']"
497,"['386', '335']","['223p', '323', '311']"
498,"['332', '223H', '386', '466', '254', '456']",['323']
499,['489'],"['431', '466']"
500,"['481', '452', '454', '362', '485']","['315', '353', '481', '362']"
501,"['463', '464', '471', '223N']","['315', '362', '223J']"
502,"['485', '121', '301', '476', '120', '466']","['223p', '254', '311', '456', '335', '476']"
503,"['223H', '353', '335', '440', '454']","['440', '499', '240', '353']"
504,"['466', '491T', '311', '484', '240']","['454', '223C', '351', '332', '254', '335']"
505,"['466', '476', '315', '254', '311', '481']","['121', '362', '332', '311']"
506,"['131', '463', '485']","['335', '456', '484', '223N', '485', '386']"
507,"['313', '491T', '485', '301']","['386', '489', '491T', '223J', '440']"
508,"['495', '466', '223C', '473', '485']","['332', '462', '495']"
509,"['489', '301', '223p', '477']",['323']
510,"['431', '484', '311', '315', '471']","['471', '223p', '223C', '440']"
511,"['313', '464', '499']","['463', '464', '481', '351', '489']"
512,"['313', '121']","['322L', '353', '481']"
513,"['439', '240']","['332', '386', '223H', '439']"
514,"['484', '454', '452', '440']","['332', '131', '495', '311']"
515,"['464', '131']","['462', '223p', '477', '131', '301', '223N']"
516,"['485', '335', '439', '431']","['481', '499', '223C', '121', '491T', '335']"
517,"['121', '240', '223N']","['223H', '452', '332', '131', '477']"
518,"['311', '439', '335', '353']","['362', '315']"
519,['463'],"['335', '311', '120', '466', '439']"
520,"['476', '440', '353', '481', '431', '486']","['240', '481', '477', '462', '223p']"
521,"['332', '431', '240', '463']","['315', '351', '223J', '223H', '466']"
522,"['481', '466', '431']","['466', '223J', '485', '332', '473']"
523,"['240', '485', '323', '464']","['485', '335', '322L', '223N']"
524,"['477', '439', '313', '454']","['454', '322L', '439']"
525,"['499', '483', '439', '223p', '477', '489']","['386', '223p', '121', '240']"
526,"['483', '452', '335', '499']","['454', '483', '484', '240']"
527,"['313', '223H', '431', '223N', '495']",['322L']
528,"['431', '471', '499', '386']","['313', '311']"
529,"['301', '351', '313', '440', '223H']","['471', '481', '489']"
530,"['386', '313', '481', '431']","['223C', '463']"
531,"['486', '332', '463', '440']",['471']
532,"['323', '223J', '240', '353', '223C']","['452', '431', '223J']"
533,"['485', '486', '223J', '323', '121']","['454', '353', '471']"
534,"['473', '120', '486', '332']",['311']
535,"['431', '486', '489', '121']","['332', '471', '322L', '254']"
536,"['351', '484', '483', '131', '223J', '120']","['456', '311', '240', '464', '484']"
537,"['452', '121', '491T', '315']","['121', '353', '483', '486']"
538,"['240', '223C', '335']","['483', '471']"
539,"['481', '131', '301', '489', '471', '483']","['131', '485', '464', '439', '491T']"
540,"['315', '335']","['486', '240', '223N']"
541,"['484', '223J', '477']","['483', '223C', '240', '452', '463']"
542,"['315', '476', '484']","['483', '323', '240']"
543,"['452', '486', '353', '332', '499']","['473', '499', '240']"
544,"['483', '240', '120', '131']","['335', '223p', '223J']"
545,"['323', '254', '489', '351']","['495', '452', '484', '223N']"
546,"['486', '223H', '223J', '223C']","['456', '481', '351', '240']"
547,"['311', '353', '491T']","['484', '223N', '483', '477', '313']"
548,"['223p', '322L', '353', '301', '471', '462']","['454', '489']"
549,['476'],"['491T', '120']"
550,"['476', '254', '223J', '322L', '353', '223C']","['495', '254', '120', '121', '483', '485']"
551,"['332', '240', '477', '491T', '353']","['477', '240', '489', '313']"
552,"['473', '456', '454', '223H', '499']","['471', '491T', '463', '223J', '322L']"
553,"['486', '254', '322L', '462']","['473', '335', '431', '491T']"
554,"['456', '462', '121', '353']","['440', '335', '223H', '131', '439']"
555,"['223N', '473', '121', '486', '439']","['473', '452', '353', '486']"
556,"['335', '486', '121', '454', '483']",['471']
557,"['481', '483', '477', '223H', '452', '223C']","['223J', '476']"
558,"['454', '353', '223J', '386']","['223J', '323', '351', '476']"
559,['477'],['485']
560,"['485', '351', '223J']","['254', '223N', '483', '473', '464']"
561,['464'],['471']
562,"['454', '471', '301', '223C', '464']","['495', '463', '456', '223C']"
563,"['486', '332', '223H', '335', '351']","['120', '223J', '484']"
564,"['353', '495', '464']",['223C']
565,"['481', '313', '456']","['386', '495', '311', '351', '462', '223H']"
566,['335'],"['452', '313']"
567,"['323', '223H']","['335', '452', '439', '481', '499']"
568,['476'],['332']
569,"['362', '223J', '131', '223N']","['491T', '353', '120', '386', '240']"
570,"['332', '362', '223H', '463', '323']","['223J', '335', '254', '332', '315']"
571,"['456', '454', '491T']","['332', '454', '495', '315']"
572,"['223J', '351', '495', '322L', '476']","['353', '120', '471']"
573,"['386', '121', '223p']","['120', '362', '486']"
574,"['315', '223p', '131', '484']","['491T', '223J', '464', '335', '131', '362']"
575,"['315', '485']","['301', '431', '323', '491T']"
576,"['495', '335', '240', '353', '223N']","['351', '456', '471', '466', '476']"
577,"['473', '483', '464']",['485']
578,"['452', '495', '462', '485']","['223H', '456']"
579,"['121', '440', '481', '332', '322L', '463']","['463', '131', '466', '454', '332']"
580,"['322L', '439', '464']","['431', '386', '223N']"
581,"['240', '335', '489']","['466', '223N', '335', '240']"
582,"['483', '440', '323', '120', '463', '223C']","['335', '439', '456', '254']"
583,"['240', '223J', '454', '431']","['313', '223C', '439', '476']"
584,"['489', '499']","['484', '223p', '485', '353']"
585,"['462', '439', '311', '471']","['463', '456', '440', '454', '431']"
586,"['223J', '452', '313']","['223J', '473', '301', '353', '223p']"
587,"['495', '223N']","['463', '495', '120', '335']"
588,"['484', '499', '223C']","['121', '491T', '477']"
589,"['362', '485', '452', '353']","['439', '486', '440', '473', '476']"
590,"['120', '462', '456']","['486', '315', '489']"
591,"['131', '323', '463', '452', '431', '439']","['362', '223J', '471', '499', '353', '223N']"
592,"['313', '454', '462']","['439', '486', '485', '491T', '120', '477']"
593,"['362', '322L', '481']","['466', '499', '456', '463']"
594,['486'],"['313', '476', '131', '351', '301']"
595,"['322L', '473', '386']",['477']
596,['481'],['351']
597,"['462', '223H']","['131', '486', '315']"
598,"['483', '315']","['223N', '121', '322L', '456', '223H']"
599,"['322L', '440', '240']","['353', '223p']"
600,"['483', '223H', '454', '485']","['311', '223C', '223J', '353']"
601,"['351', '486', '466', '223H']","['452', '477', '311', '489']"
602,['463'],"['452', '440', '240', '301', '254']"
603,"['485', '311', '223J', '439', '499']","['463', '454', '483', '452']"
604,"['454', '335', '439', '386']","['495', '121', '386']"
605,"['120', '322L', '466', '489']","['495', '223C', '223H', '483', '486']"
606,"['120', '431', '311', '323']","['332', '223J', '223N', '353']"
607,"['362', '240', '456']","['335', '131', '323', '315']"
608,"['353', '454', '476', '491T']","['386', '491T', '486', '452', '311']"
609,"['362', '491T', '476', '485']","['335', '121']"
610,"['495', '353', '121', '335', '120']","['353', '335', '313', '131']"
611,"['362', '476']","['311', '456', '452', '386']"
612,"['332', '485']",['223J']
613,"['477', '495']","['315', '485', '223J', '489', '121']"
614,['477'],"['491T', '223H']"
615,"['386', '481', '223C', '323', '452', '464']","['121', '462', '351']"
616,"['489', '454', '121', '332', '131']","['351', '131', '311', '454']"
617,"['476', '440', '452', '223N']","['223H', '456', '120', '254']"
618,"['484', '491T']","['476', '477']"
619,"['486', '473', '332']","['386', '462', '223C', '466', '452', '254']"
620,"['495', '223N']","['485', '476', '223C', '386', '440', '315']"
621,"['454', '240', '491T', '489']","['489', '439', '131', '332', '311']"
622,"['315', '335', '311']","['223N', '335', '120', '483', '466']"
623,"['353', '223p', '223H']","['254', '223H', '121', '476']"
624,"['335', '486', '223J']",['131']
625,"['323', '315', '499', '254']","['223J', '483', '121', '315', '223N']"
626,"['313', '315', '477', '223H', '456', '362']","['223J', '477']"
627,"['362', '315', '431', '454', '464']","['473', '353', '240', '323', '481', '491T']"
628,"['240', '386', '254']","['495', '362', '121', '462']"
629,['485'],"['353', '477', '466', '315', '484', '462']"
630,"['311', '121', '462', '223N', '466']","['362', '254', '313', '223H', '495', '484']"
631,"['386', '452', '464', '311', '254', '476']","['495', '131', '223N', '491T']"
632,"['223C', '353', '471', '456']",['301']
633,"['473', '362', '322L', '240']","['351', '335', '466']"
634,"['476', '477', '439', '491T', '456']","['362', '254', '386', '483', '485']"
635,"['223N', '440', '353', '483', '301']","['484', '362', '332', '223H']"
636,"['484', '463', '311']",['240']
637,"['223N', '362', '223H', '121', '301']",['322L']
638,"['332', '484', '456', '489']","['476', '499', '464', '452']"
639,"['452', '491T', '362', '353']","['471', '240', '223J', '473']"
640,"['456', '481', '121']","['466', '386', '454']"
641,"['120', '471', '223p']","['431', '473', '223p', '223J']"
642,"['313', '486', '362', '311', '477', '315']","['386', '313', '315', '499']"
643,['323'],"['223C', '466', '351', '431']"
644,"['440', '491T', '351', '489', '452', '439']","['483', '463', '332']"
645,['485'],"['223H', '440', '315', '486', '456']"
646,"['353', '495', '254', '332']","['335', '440', '456', '476']"
647,"['484', '489', '311', '452']","['454', '131', '223H', '386']"
648,"['120', '439', '486', '223J']","['121', '495', '499', '471', '313', '473']"
649,"['473', '223J', '301']","['485', '240', '351']"
650,"['223C', '362', '456', '466', '313', '463']","['463', '120', '462', '362']"
651,"['315', '120', '439', '471', '240']","['223H', '431', '477', '332']"
652,"['223C', '313', '483', '301', '499', '254']","['486', '311', '471']"
653,"['491T', '439', '495']","['311', '431', '473', '495', '454', '489']"
654,"['223C', '223J', '335', '477', '491T']","['353', '362']"
655,"['481', '353', '484', '483']","['301', '240', '386', '481']"
656,"['471', '477', '322L']","['462', '495', '301']"
657,"['335', '301', '439']",['454']
658,"['223H', '315']","['485', '223C']"
659,"['452', '223N', '456']","['456', '353', '491T', '486', '323']"
660,"['223H', '454', '476', '466', '351']","['483', '240', '223J', '386', '491T', '439']"
661,['440'],"['332', '301']"
662,"['454', '439', '315']","['464', '477', '120', '456', '223N']"
663,"['131', '223N', '454', '473', '240', '254']","['120', '439', '121']"
664,"['223C', '471', '485']","['223N', '489', '462', '254']"
665,"['486', '223N', '311', '476', '335', '301']",['476']
666,"['495', '121', '335']","['481', '362', '121', '439']"
667,"['466', '456', '353', '335']","['353', '351', '485', '223H']"
668,"['462', '240', '332', '323', '491T']","['485', '463']"
669,"['483', '456']","['131', '499', '386', '223H', '120']"
670,"['489', '332', '353', '462']","['495', '463']"
671,"['452', '335', '313', '464']","['315', '254', '489']"
672,"['486', '313', '315']","['456', '223C']"
673,"['484', '386', '223H']",['456']
674,"['240', '323']","['489', '452', '463', '223p', '471']"
675,"['315', '254', '495', '431']","['466', '484', '335', '491T']"
676,"['223C', '223N', '223H', '481']","['362', '313', '452', '463', '120']"
677,"['223J', '351', '223N', '120']","['463', '332', '431', '466', '489']"
678,"['454', '463', '386', '351']","['121', '315']"
679,"['254', '353', '473']",['323']
680,"['464', '335', '477']","['485', '240', '481', '311', '223H']"
681,"['240', '223J', '462', '431', '463']","['456', '301', '499']"
682,"['456', '223J', '452', '223N']","['489', '311', '386', '351']"
683,"['473', '486']","['466', '315', '462', '254']"
684,"['323', '454']","['223H', '351']"
685,"['353', '335', '485', '223H']","['323', '332', '481', '353', '471']"
686,['485'],"['477', '351', '464', '486', '223C', '491T']"
687,"['121', '440', '254', '462', '322L', '386']","['315', '313', '351']"
688,"['223p', '223C', '353']","['462', '223C', '335', '454']"
689,"['301', '439', '223N', '476', '463']","['431', '466', '486']"
690,"['483', '131', '456', '495']","['484', '131']"
691,"['315', '486']","['315', '311', '454', '491T', '431', '223C']"
692,"['499', '489', '315', '495']","['335', '476', '454', '471']"
693,['473'],"['121', '223J', '254', '466', '495', '223p']"
694,"['483', '473', '223H', '463']","['471', '313', '499', '353', '485']"
695,"['120', '484', '485']","['301', '362', '323']"
696,"['351', '489', '484', '440', '322L']","['452', '471', '223J', '485']"
697,"['491T', '454']","['311', '440', '483', '466']"
698,['485'],"['311', '491T', '464']"
699,"['120', '323']","['454', '481']"
700,"['454', '362', '223N']","['223H', '495', '483', '431']"
701,"['440', '486', '489', '483', '439', '313']","['454', '301', '431', '223C', '491T']"
702,"['254', '131', '323', '439', '463']","['462', '240', '476', '313']"
703,"['386', '440', '223C', '489', '454', '473']","['311', '120', '454']"
704,"['323', '322L']","['440', '483', '240', '120', '223N']"
705,['454'],['466']
706,"['431', '477', '121', '499']","['491T', '223p', '223H', '485']"
707,"['473', '439', '223p', '301', '313']","['439', '464', '120', '456', '491T']"
708,['471'],"['335', '301', '223H', '476']"
709,"['452', '223J']","['491T', '313', '120']"
710,"['301', '484', '464', '463']","['485', '240']"
711,"['351', '322L', '223H', '323', '495']","['301', '483', '254']"
712,"['431', '362', '301']","['464', '471', '452', '463']"
713,"['495', '223N', '481', '120', '332']","['495', '121', '223p', '332']"
714,"['477', '456', '452', '464']","['223H', '484', '223N', '121', '456']"
715,"['489', '351', '332']","['491T', '240']"
716,['485'],"['322L', '121', '495', '223H', '351']"
717,"['332', '121', '223H', '454', '486']","['223N', '454', '386', '223p']"
718,"['223C', '481', '223N', '456', '131', '386']",['471']
719,"['466', '471', '439', '463']","['223H', '463', '223C', '131', '471']"
720,"['311', '353', '120', '323']","['462', '223p', '473', '223J', '463', '489']"
721,"['489', '322L', '121']","['499', '462', '223H', '223C']"
722,['431'],"['463', '476', '121', '335', '223H']"
723,"['439', '477', '495']","['323', '489', '131', '223N']"
724,"['323', '462', '351', '431', '452']","['332', '491T']"
725,['484'],"['323', '476', '471', '121']"
726,"['454', '120']","['386', '485', '463', '471']"
727,"['431', '313']","['481', '351', '495', '335']"
728,"['353', '491T', '121']","['386', '120', '476', '491T', '335']"
729,"['456', '481', '223J', '313']","['120', '311', '332', '440']"
730,"['335', '332', '353']","['440', '240', '332', '471']"
731,"['462', '335', '477', '484', '353', '362']","['315', '223J', '476']"
732,"['315', '120', '223p']","['322L', '335', '313']"
733,"['439', '313', '223p', '223C']","['223C', '322L', '483', '473']"
734,"['495', '362', '464', '313']","['462', '223p', '335', '322L', '362', '456']"
735,['481'],"['386', '311']"
736,"['473', '471', '466']","['351', '463', '315', '353', '481']"
737,"['491T', '322L', '440', '489', '456']",['476']
738,"['473', '240', '439', '223C', '466']","['477', '462', '362', '311', '323', '486']"
739,['121'],"['131', '311', '120', '439', '464', '335']"
740,"['386', '353', '335', '322L', '431']","['489', '466', '223J']"
741,"['495', '131', '481', '121']","['439', '120', '464', '486']"
742,"['322L', '476', '223p']","['315', '485', '471']"
743,"['486', '335', '481', '464']","['481', '313']"
744,"['351', '483', '131']","['223C', '495', '489', '486', '456', '462']"
745,"['466', '313', '471', '463', '121', '481']","['131', '332', '440', '456']"
746,"['254', '351', '476', '223J', '311']","['313', '362', '301', '489']"
747,"['315', '499']","['484', '464', '254', '439', '499', '323']"
748,"['131', '454', '471', '240']","['463', '431', '485', '386']"
749,"['452', '454', '440', '491T']","['131', '489', '462']"
750,"['495', '484', '223N']","['489', '483', '311', '223N']"
751,"['431', '353', '486', '456']","['454', '311', '471']"
752,"['466', '483', '254']","['131', '454', '223C', '481', '254']"
753,"['483', '471']",['489']
754,"['454', '254', '463', '323']","['353', '322L', '466', '386']"
755,"['315', '476', '491T', '120', '462']","['485', '491T', '489', '254', '335']"
756,"['223C', '311', '462', '473', '121']","['484', '471', '499', '473']"
757,"['454', '254', '486']",['315']
758,"['323', '351', '466']","['315', '240']"
759,"['485', '223N', '313']","['315', '481']"
760,"['121', '485', '431', '491T']","['223C', '466', '120', '485', '335']"
761,"['313', '454']","['223J', '463', '462', '440']"
762,"['311', '477', '476', '323', '301']","['223H', '301', '240', '121']"
763,"['454', '456', '463']","['335', '454', '301']"
764,"['121', '452', '464']","['473', '223C']"
765,"['223p', '456', '462', '463', '254', '313']","['121', '223N', '481', '486']"
766,"['332', '464', '121', '322L', '486']","['499', '223N', '456', '131']"
767,"['489', '351', '464', '454', '332']","['454', '223J', '121', '477']"
768,"['463', '223N', '351', '454']","['499', '240']"
769,"['223N', '254']","['473', '481', '489', '499', '454', '486']"
770,['131'],"['323', '486', '471', '223H', '439', '223p']"
771,"['240', '489', '495', '499']","['335', '223N', '386', '439']"
772,"['131', '240', '223H', '452', '223C', '495']","['466', '477', '476', '353', '313', '440']"
773,"['463', '223N', '481', '386', '315', '311']","['223p', '464', '131', '454']"
774,"['495', '483', '481', '223J']","['485', '499', '362']"
775,"['353', '473']",['121']
776,"['499', '489', '485', '471', '440', '223H']","['477', '456', '301', '454', '254']"
777,"['485', '131', '499']","['335', '464', '254']"
778,"['223C', '476', '121', '495']","['223J', '351', '456', '463']"
779,"['335', '495']","['131', '223N', '454', '481', '254']"
780,"['240', '439', '462', '466', '499']","['495', '223N', '332']"
781,"['351', '223N', '120', '322L']","['332', '351', '386', '456']"
782,"['131', '223J', '120']","['499', '491T', '431']"
783,['462'],"['323', '477', '489', '476']"
784,"['476', '431', '121']","['495', '313', '489', '454']"
785,"['332', '466', '323', '484', '464']","['484', '483']"
786,"['315', '477', '311', '491T']","['456', '121', '476', '322L', '315']"
787,"['313', '223H', '454']","['223N', '254', '131', '440', '223p']"
788,"['362', '476', '440', '483']",['353']
789,"['351', '463', '491T', '313']","['486', '351', '223N', '499']"
790,"['454', '456', '499', '462']","['386', '131']"
791,"['471', '301', '223H', '476', '481']","['315', '121', '495', '322L', '483']"
792,"['323', '120', '322L', '481', '313']","['462', '121', '483']"
793,"['431', '484', '223C', '311', '131']","['456', '440', '362']"
794,"['386', '464', '254', '223J']","['456', '485', '223p', '335', '362', '466']"
795,"['323', '463', '471', '362', '456', '311']","['495', '499', '240']"
796,"['463', '311', '466']","['499', '495', '463', '301', '483']"
797,"['491T', '120', '240', '452']","['476', '462', '473', '489', '131', '454']"
798,"['485', '311', '322L', '466', '120']","['464', '462', '483', '240', '489', '495']"
799,"['484', '223N', '483', '223p']","['466', '486']"
800,"['473', '464', '313']","['121', '254', '301', '471']"
801,"['254', '351', '466', '131', '495', '315']","['477', '335', '464', '476', '452']"
802,"['471', '332', '452']","['481', '120', '301', '386']"
803,"['431', '332', '120']","['456', '439', '484', '223N']"
804,"['499', '491T']","['499', '463', '486', '456']"
805,"['499', '362', '311', '351']","['456', '223H', '477']"
806,"['301', '477', '335']","['301', '454']"
807,"['223p', '464', '476', '439']","['431', '485', '223C', '362', '477', '353']"
808,"['322L', '499', '463', '471', '452']",['315']
809,"['439', '431']",['431']
810,"['440', '313', '223N', '439']","['489', '386']"
811,"['476', '485', '386', '486']","['463', '131', '223p', '452']"
812,['332'],"['495', '315']"
813,"['223N', '439', '332', '223p']","['440', '481', '353', '462']"
814,"['483', '485', '489']","['463', '240', '311', '322L']"
815,"['491T', '484', '240']","['240', '121', '335']"
816,"['462', '456', '440']","['323', '223p', '466', '456', '463']"
817,"['439', '131', '313', '323']","['322L', '440', '315', '481', '240', '485']"
818,"['240', '121', '464', '462', '499']","['484', '473', '240', '489']"
819,"['456', '353', '486', '481', '311']","['473', '489', '323', '456', '499', '313']"
820,"['484', '223H', '240', '254', '223C', '456']",['254']
821,"['476', '311', '121', '315', '332', '471']","['131', '483', '311', '486', '120', '456']"
822,"['335', '454']","['471', '495']"
823,['495'],"['476', '131', '322L', '431']"
824,"['315', '351', '483', '466']","['254', '335', '495']"
825,"['223p', '311', '440', '483', '386']","['456', '491T', '485', '454']"
826,['454'],"['223N', '431', '485']"
827,"['386', '454', '313', '351', '491T', '223p']","['223C', '456', '120', '485']"
828,"['315', '311', '323']","['476', '386', '254', '311', '462', '495']"
829,"['240', '353', '477']","['120', '491T', '323', '240']"
830,"['362', '473', '120', '323']","['486', '240']"
831,"['313', '240', '485', '351']",['431']
832,"['499', '462', '484', '131', '452']","['223C', '315', '473', '463']"
833,"['489', '439', '223p', '323', '456']",['254']
834,"['335', '485', '463', '223J', '462']","['491T', '476', '313', '120', '485']"
835,"['223H', '240', '440', '484', '335', '223J']","['313', '477', '351', '335']"
836,"['335', '471', '223H', '484']","['440', '240', '495', '313']"
837,['440'],"['466', '121', '131', '495']"
838,"['454', '466', '463']","['456', '463', '462', '323']"
839,"['120', '483', '332']","['466', '489', '477']"
840,['486'],"['462', '323', '477', '335', '489']"
841,"['484', '462', '477']","['223p', '456', '483', '431']"
842,"['254', '223C', '386', '301', '481', '223p']","['431', '322L', '440', '351', '353']"
843,['240'],"['301', '223J', '120']"
844,"['332', '315', '477', '466']","['486', '120', '466', '456', '491T']"
845,"['486', '462', '131', '473', '485']","['315', '454', '301', '471']"
846,"['473', '254', '495', '223p', '131']","['452', '315', '486', '301']"
847,"['489', '476', '464', '485']","['322L', '131']"
848,"['223C', '463', '351']","['332', '131', '223N']"
849,"['301', '223p', '464', '223J']","['464', '131', '495', '452']"
850,"['454', '131', '223H', '476']","['431', '439', '466']"
851,"['464', '353', '223J', '223N']","['323', '223J', '499', '486', '223N']"
852,"['223N', '311', '462', '454']","['454', '323', '477']"
853,"['120', '223p', '315', '353']",['120']
854,"['452', '454']","['315', '452', '332', '489']"
855,"['483', '301', '466']",['485']
856,"['223C', '323']","['223N', '223p', '477', '323', '332']"
857,"['452', '476', '431', '483', '456']","['353', '386', '223N', '351']"
858,"['440', '223N', '223H', '483']","['489', '476']"
859,"['495', '301', '473', '120', '481', '456']","['223J', '464', '483', '335']"
860,"['362', '484', '351']","['463', '351', '254']"
861,"['464', '454', '481', '486']","['335', '485', '223N', '121', '223p', '486']"
862,"['311', '223N', '454', '121', '440']","['456', '440', '223N', '311', '223H']"
863,"['477', '440', '362']","['386', '463', '431']"
864,"['351', '431', '315', '481', '452', '484']","['499', '223p', '495', '485']"
865,['301'],"['223J', '386', '499', '440']"
866,"['462', '471', '491T', '120']","['315', '223J', '456', '323', '431']"
867,"['464', '495', '466', '456']","['491T', '440', '332']"
868,"['431', '462', '131', '486', '311']","['313', '456', '351', '495', '323']"
869,"['484', '120', '313']","['315', '495', '483', '476']"
870,"['456', '386', '240', '452', '499', '311']","['223J', '462', '431', '120']"
871,"['456', '473', '120']","['452', '332', '120']"
872,"['322L', '452', '456', '489']","['311', '471', '431', '484']"
873,"['313', '471', '353', '473', '223N', '240']",['440']
874,"['477', '315', '454', '466', '485']",['313']
875,"['456', '223J', '466']","['464', '353', '463', '431']"
876,"['477', '322L']","['463', '456', '471']"
877,"['477', '240', '476', '481', '431']","['335', '454', '466', '223J', '439']"
878,"['223H', '386', '484', '223J']","['323', '335']"
879,"['466', '223H', '483']","['491T', '315', '495', '485']"
880,"['454', '495', '335', '489', '311']","['353', '223J', '313']"
881,"['495', '223N', '323', '120', '454', '223C']","['335', '499', '120', '484', '240']"
882,['485'],"['223p', '431', '489']"
883,['223p'],"['495', '131', '431', '323']"
884,"['486', '471', '223N']","['471', '476', '486']"
885,"['351', '131', '240', '323', '464']","['485', '131', '431', '351', '476', '439']"
886,"['477', '313', '332', '485', '489']","['489', '439']"
887,"['240', '495']","['315', '483', '131', '481', '120']"
888,"['313', '485', '386', '439']","['476', '483', '353']"
889,"['456', '223p', '499']",['322L']
890,"['473', '486', '223J', '464', '439']","['462', '240', '485', '454']"
891,"['464', '322L', '301', '477', '223H']","['466', '120', '484', '301']"
892,"['362', '499', '495', '485']","['471', '473', '335', '322L', '223H']"
893,['463'],"['223N', '335', '484']"
894,"['223N', '223H', '332']","['486', '362', '311', '223J']"
895,['120'],"['462', '315', '362', '223H', '121']"
896,['454'],"['464', '322L', '301', '351', '484']"
897,"['240', '485']","['322L', '454', '463', '473']"
898,"['452', '240', '121', '473', '456']","['439', '223C', '223p']"
899,['499'],"['483', '223N', '335', '466']"
900,"['335', '439']","['452', '351', '254', '456', '462', '489']"
901,"['481', '431', '223N', '462', '301']","['431', '485', '362', '254', '301']"
902,"['431', '121', '223N', '491T', '223H']","['315', '323', '484', '362']"
903,"['240', '481', '454', '386', '223p']","['223J', '323', '223H', '483', '477']"
904,['477'],"['485', '313', '351', '315']"
905,['431'],['323']
906,"['483', '223J', '491T', '353']","['471', '223N', '353']"
907,"['335', '463', '311']","['440', '486', '254', '452']"
908,"['471', '131', '464', '499']","['323', '483', '481', '362', '311', '351']"
909,"['332', '362', '301', '335']",['301']
910,"['499', '362', '464']","['452', '121', '499', '322L']"
911,"['353', '311', '121']","['495', '254', '121', '386', '131']"
912,"['456', '362', '223H', '491T', '121']","['464', '223J', '485', '471', '463', '301']"
913,['351'],['481']
914,"['481', '491T', '351', '463', '315', '477']","['353', '223C', '495', '223N', '452']"
915,"['315', '223H', '473', '462']","['473', '335', '240', '476', '456']"
916,"['322L', '223J', '223H', '240', '335']",['452']
917,"['440', '477', '353', '464', '454']","['491T', '223J', '131']"
918,"['313', '495', '477', '240', '121']","['223p', '452', '223N', '484', '473']"
919,['240'],['223H']
920,"['454', '495', '223H', '323', '351']","['351', '431', '477']"
921,"['454', '495', '466', '484', '323', '362']","['454', '473', '131', '335']"
922,"['454', '486', '483', '223C', '131']","['439', '464', '463']"
923,"['362', '322L', '440']","['452', '486', '466', '456']"
924,"['335', '499']","['323', '254', '301', '485', '431']"
925,"['351', '454', '332', '431']","['323', '431', '254']"
926,['462'],"['311', '483', '456', '477']"
927,"['486', '491T', '462']","['477', '495', '431', '332', '223H']"
928,"['386', '499']","['486', '223H', '351', '386']"
929,"['483', '462', '223C', '323', '386']","['499', '452']"
930,"['485', '462', '473', '495']","['223C', '301', '473']"
931,"['466', '223N', '223J']",['452']
932,"['301', '254', '452', '439', '131']","['439', '484', '315', '471']"
933,"['464', '351', '463', '240']","['456', '473', '223N', '362']"
934,"['120', '223C', '456', '322L']","['462', '121', '323', '120']"
935,"['495', '362', '332']",['499']
936,['439'],['301']
937,"['431', '332', '335', '223N']","['254', '223J', '462', '311', '223p', '313']"
938,"['466', '223C']","['311', '120', '462']"
939,"['456', '476', '439']","['462', '121', '484', '439', '351', '240']"
940,"['315', '464', '431']","['454', '495', '240', '439']"
941,"['463', '315', '476', '454', '223J']","['311', '452', '386', '131']"
942,"['335', '362', '315', '471']",['322L']
943,"['499', '121', '240', '332']","['353', '431', '254', '322L', '335']"
944,"['223N', '454', '131', '351']","['322L', '483', '311', '471', '456', '462']"
945,"['313', '353', '431', '131', '481', '323']",['323']
946,['440'],"['440', '301', '452', '439']"
947,"['223H', '120', '463', '499']","['362', '484', '315', '131', '313']"
948,"['240', '223N', '301', '477', '323']","['499', '486', '223J']"
949,['471'],"['332', '223C', '476']"
950,"['121', '439', '485']","['254', '223p', '223N']"
951,"['464', '463', '495', '440', '489']",['485']
952,['120'],"['240', '131']"
953,"['499', '456', '454', '491T', '463', '120']","['323', '223J', '476']"
954,"['473', '485', '486']",['131']
955,"['464', '495', '440', '301', '332']","['471', '121', '463', '323']"
956,"['323', '471', '499', '491T', '386']","['463', '353', '471', '439']"
957,"['483', '120', '353']","['476', '223J', '489']"
958,"['491T', '223N', '464', '471']","['456', '351', '323', '254', '476']"
959,"['462', '240', '301', '439']","['323', '456', '313', '353', '439']"
960,"['485', '301', '466']","['471', '353', '454', '311']"
961,['463'],"['301', '452', '254', '491T']"
962,"['311', '223N', '471', '323', '477']",['322L']
963,['431'],"['491T', '223N', '223H']"
964,['323'],"['484', '440', '131', '463', '120', '476']"
965,"['223H', '484']",['335']
966,"['240', '454', '456', '353', '471']","['473', '301', '489', '323']"
967,"['466', '484', '456']","['466', '322L', '323', '353', '454']"
968,"['452', '322L', '362', '335', '486', '485']","['462', '315', '313', '223H', '481']"
969,"['362', '431']","['131', '464', '471', '463', '362']"
970,"['440', '335', '489', '223H', '484']","['254', '481', '456', '489', '495']"
971,"['223N', '481', '466', '351']","['335', '322L', '323']"
972,"['223J', '499', '301', '335']","['335', '495', '483', '332']"
973,"['486', '315', '386', '223C', '473']","['335', '476', '254']"
974,"['454', '484']","['335', '456', '240', '499']"
975,"['254', '315']","['439', '491T', '223p', '335', '485', '315']"
976,"['481', '121', '456']","['485', '499', '386']"
977,"['223N', '323', '315', '471']","['223C', '486', '315', '223N']"
978,"['386', '484', '466', '323']","['456', '477', '131', '431']"
979,"['311', '121', '223C', '466']","['466', '481', '353', '323']"
980,"['332', '353']","['476', '473', '335', '477', '240', '454']"
981,"['323', '499', '301']","['452', '489', '254']"
982,"['240', '476']",['223C']
983,"['332', '223p', '481', '313']","['464', '495', '223C', '454']"
984,"['311', '223C', '322L']","['311', '485', '223J']"
985,"['466', '452', '481', '473']","['476', '223H', '386', '485', '332']"
986,"['491T', '322L', '477', '495']","['464', '121']"
987,"['311', '323', '223C']","['332', '484', '223H', '499']"
988,"['223C', '254', '485', '322L', '477', '223p']","['313', '335', '454', '131', '386']"
989,"['254', '476', '121', '351', '483']","['484', '353', '462', '483']"
990,"['481', '315', '491T', '131']","['386', '240', '466', '456', '223H']"
991,"['332', '322L', '311', '131']","['254', '489', '223C', '473', '481']"
992,"['483', '473', '499', '464', '254', '386']","['223H', '456', '499', '473']"
993,"['471', '499', '301', '486', '254', '476']","['353', '332']"
994,"['223C', '484']","['332', '489', '240', '499']"
995,"['386', '440', '431', '223p']","['351', '313', '121']"
996,"['223p', '473', '323', '223C']","['120', '495', '464', '332', '462']"
997,"['315', '476', '473', '311']","['439', '499', '323', '471']"
998,"['462', '313', '466', '223p', '483', '362']","['121', '335', '491T']"
999,"['223C', '456', '499', '121', '431', '481']","['466', '120', '481', '223H', '335']"
